slug,oldCategory,newCategory,suggestedTags,reason
"12_24","projekty","zajimavosti","popularizace","OVERRIDE: téma konvence času"
"4ruce","projekty","projekty","","DEFAULT: projekty → projekty"
"ATO","projekty","konstrukce","elektromagneticke;1900s","OVERRIDE: ATO princip"
"Arduino","projekty","projekty","","DEFAULT: projekty → projekty"
"Arduino_IBM","projekty","projekty","","DEFAULT: projekty → projekty"
"Arduino_Solari","projekty","projekty","","DEFAULT: projekty → projekty"
"ESV3","projekty","projekty","","DEFAULT: projekty → projekty"
"GPS_Sakul","projekty","projekty","","DEFAULT: projekty → projekty"
"Kappa","projekty","projekty","","DEFAULT: projekty → projekty"
"Lantime_M100","projekty","projekty","","DEFAULT: projekty → projekty"
"NTPH","projekty","projekty","","DEFAULT: projekty → projekty"
"PRS10","projekty","projekty","","DEFAULT: projekty → projekty"
"RickStanley","projekty","projekty","","DEFAULT: projekty → projekty"
"Staiger","projekty","projekty","","DEFAULT: projekty → projekty"
"TimHunkin","projekty","virtualni-muzeum","kuriozita","OVERRIDE: humor — Tim Hunkin"
"TimeSlider","projekty","projekty","","DEFAULT: projekty → projekty"
"Timometer","projekty","projekty","","DEFAULT: projekty → projekty"
"alzbeta","projekty","projekty","","DEFAULT: projekty → projekty"
"arduino_PPS","projekty","projekty","","DEFAULT: projekty → projekty"
"astro2_NTP","projekty","projekty","","DEFAULT: projekty → projekty"
"astronomicke_Sauter","projekty","konstrukce","mechanicke;baroko","OVERRIDE: astronomický systém"
"atomove_kapesni","projekty","projekty","","DEFAULT: projekty → projekty"
"betrisey","projekty","virtualni-muzeum","kuriozita","OVERRIDE: Marc Betrisey"
"brillie","sbirka","sbirka","","DEFAULT: sbirka → sbirka"
"budiky1","sbirka","sbirka","","DEFAULT: sbirka → sbirka"
"budiky2","sbirka","sbirka","","DEFAULT: sbirka → sbirka"
"bulle","sbirka","konstrukce","bulle;elektromagneticke;1900s","OVERRIDE: princip BULLE elektromagnet"
"bychory_cimbaly","vezni-hodiny","sbirka","","DEFAULT: vezni-hodiny → sbirka"
"bychory_dalsi_kola","vezni-hodiny","sbirka","","DEFAULT: vezni-hodiny → sbirka"
"bychory_prokes1","vezni-hodiny","sbirka","","DEFAULT: vezni-hodiny → sbirka"
"bychory_restaurovani_napis","vezni-hodiny","sbirka","","DEFAULT: vezni-hodiny → sbirka"
"bychory_zvonici_stroj","vezni-hodiny","sbirka","","DEFAULT: vezni-hodiny → sbirka"
"carokodky","sbirka","sbirka","","DEFAULT: sbirka → sbirka"
"cas_internet1","projekty","projekty","","DEFAULT: projekty → projekty"
"cas_internet2","projekty","projekty","","DEFAULT: projekty → projekty"
"casova_pasma","projekty","zajimavosti","","OVERRIDE: pásmovky obecně"
"casovy_zamek","projekty","konstrukce","mechanicke","OVERRIDE: mechanismus zámku"
"co_pisi_jini","sbirka","zajimavosti","","OVERRIDE: citace z literatury"
"ctwagner","projekty","projekty","","DEFAULT: projekty → projekty"
"datumatik","projekty","konstrukce","mechanicke;1900s","OVERRIDE: Datumatic princip"
"dcf77","projekty","projekty","","DEFAULT: projekty → projekty"
"decimalky","sbirka","sbirka","","DEFAULT: sbirka → sbirka"
"decin_NTP","decin","sbirka","","DEFAULT: decin → sbirka"
"decin_Wenzel_Mellner","decin","sbirka","","DEFAULT: decin → sbirka"
"decin_aktual0","decin","kronika","","OVERRIDE: stěhování ze Soběslavi do Děčína 2015"
"decin_bici_stroje","decin","sbirka","","DEFAULT: decin → sbirka"
"decin_chronulator","decin","sbirka","","DEFAULT: decin → sbirka"
"decin_dalsi_stroje","decin","sbirka","","DEFAULT: decin → sbirka"
"decin_elektrifikace","decin","sbirka","","DEFAULT: decin → sbirka"
"decin_flatbed","decin","sbirka","","DEFAULT: decin → sbirka"
"decin_fotobrezen2017","decin","kronika","","OVERRIDE: fotoreport březen 2017"
"decin_fotolistopad2018","decin","kronika","","OVERRIDE: fotoreport listopad 2018"
"decin_galerie","decin","sbirka","","DEFAULT: decin → sbirka"
"decin_jednotny_cas","decin","sbirka","","DEFAULT: decin → sbirka"
"decin_koncepce","decin","sbirka","","DEFAULT: decin → sbirka"
"decin_patek","decin","sbirka","","DEFAULT: decin → sbirka"
"decin_regulaceIBM","decin","sbirka","","DEFAULT: decin → sbirka"
"decin_stroje2019","decin","sbirka","","DEFAULT: decin → sbirka"
"decin_stroje2020","decin","sbirka","","DEFAULT: decin → sbirka"
"decin_toulava_kamera2016","decin","kronika","","OVERRIDE: TV pořad 2016"
"decin_velika_ves","decin","sbirka","","DEFAULT: decin → sbirka"
"decin_vypousteny","decin","sbirka","","DEFAULT: decin → sbirka"
"decin_zamek","decin","sbirka","","DEFAULT: decin → sbirka"
"dernisaz2013","decin","kronika","","OVERRIDE: dernisáž 2013"
"download","ostatni","zajimavosti","","DEFAULT: ostatni → zajimavosti"
"edgecombe","projekty","konstrukce","synchronni;1900s","OVERRIDE: Edgecombe Synclock princip"
"elektricke1","sbirka","konstrukce","elektricke","OVERRIDE: el. natahování"
"elektricke2","sbirka","konstrukce","elektricke","OVERRIDE: el. impulz oscilátoru"
"elektromagneticke_segmenty","projekty","projekty","","DEFAULT: projekty → projekty"
"eureka","projekty","konstrukce","elektromagneticke","OVERRIDE: princip Eureka"
"fake_atomove_hodiny","projekty","projekty","","DEFAULT: projekty → projekty"
"faust","sbirka","kronika","","OVERRIDE: výstavka Faust 2013"
"ferramo","projekty","konstrukce","elektricke","OVERRIDE: Ferramo natahování"
"flying_pendulum","projekty","konstrukce","kyvadlo","OVERRIDE: typ kyvadla"
"gobelin","projekty","virtualni-muzeum","kvetinove;kuriozita","OVERRIDE: vyšívané hodiny"
"hainz_natahovani","ostatni","zajimavosti","","DEFAULT: ostatni → zajimavosti"
"hinspirace","sbirka","virtualni-muzeum","","OVERRIDE: historické inspirace"
"index","ostatni","zajimavosti","","DEFAULT: ostatni → zajimavosti"
"janovice","vezni-hodiny","virtualni-muzeum","vezni;cesko","OVERRIDE: kostel Janovice"
"jednotnycas","projekty","konstrukce","synchronni","OVERRIDE: téma jednotného času"
"jezdecke","sbirka","sbirka","","DEFAULT: sbirka → sbirka"
"kalendar_rimsky","sbirka","zajimavosti","1700s;popularizace","OVERRIDE: téma kalendáře"
"kapesni_orloj","sbirka","sbirka","","DEFAULT: sbirka → sbirka"
"kardasova_recice","vezni-hodiny","virtualni-muzeum","vezni;cesko","OVERRIDE: Kardašova Řečice"
"kavalir","projekty","virtualni-muzeum","kuriozita","OVERRIDE: Hodiny Kavalír"
"kostky","decin","sbirka","","DEFAULT: decin → sbirka"
"kostky","decin","sbirka","","DEFAULT: decin → sbirka"
"kralovstvi-casu","ostatni","muzea","cesko","OVERRIDE: sister muzeum Protivín"
"kulicky","sbirka","sbirka","","DEFAULT: sbirka → sbirka"
"kuriozity1","sbirka","zajimavosti","kuriozita","OVERRIDE: odkazy na podivuhodné hodiny"
"kvetinove","sbirka","virtualni-muzeum","kvetinove","OVERRIDE: přehled květinových hodin ve světě"
"kvetinovehodiny_Chomutov","sbirka","virtualni-muzeum","kvetinove;cesko","OVERRIDE: Chomutov"
"kvetinovehodiny_NMnM","sbirka","virtualni-muzeum","kvetinove;cesko;1900s","OVERRIDE: NM nad Metují"
"lahvace","sbirka","sbirka","","DEFAULT: sbirka → sbirka"
"laplace","ostatni","zajimavosti","","DEFAULT: ostatni → zajimavosti"
"lenzkirch","sbirka","sbirka","","DEFAULT: sbirka → sbirka"
"line_kyvadlo","projekty","konstrukce","kyvadlo","OVERRIDE: fyzikální kyvadlo"
"listkove_kohler","sbirka","sbirka","","DEFAULT: sbirka → sbirka"
"literatura","sbirka","zajimavosti","","OVERRIDE: meta-page kandidát"
"mapa","sbirka","sbirka","","DEFAULT: sbirka → sbirka"
"maregraf","projekty","konstrukce","mechanicke;1800s","OVERRIDE: mořské hodiny princip"
"matematicke","projekty","projekty","","DEFAULT: projekty → projekty"
"mazan","projekty","zajimavosti","","OVERRIDE: časová symbolika — esej"
"mereni_casu","projekty","zajimavosti","popularizace","OVERRIDE: esej o měření času"
"merkur","sbirka","zajimavosti","kuriozita;diy","OVERRIDE: kuriozita ze stavebnice"
"mindelheim","vezni-hodiny","muzea","evropa","OVERRIDE: externí muzeum Mindelheim DE"
"mluvici1895","projekty","konstrukce","1800s","OVERRIDE: mluvící mechanismus"
"mobatime","sbirka","sbirka","","DEFAULT: sbirka → sbirka"
"mobil","projekty","projekty","","DEFAULT: projekty → projekty"
"motorky","sbirka","sbirka","","DEFAULT: sbirka → sbirka"
"muzea_cr","sbirka","muzea","cesko","OVERRIDE: přehled muzeí ČR"
"mystery","sbirka","sbirka","","DEFAULT: sbirka → sbirka"
"nocturnal","sbirka","sbirka","","DEFAULT: sbirka → sbirka"
"nonsens2015","decin","kronika","","OVERRIDE: výstavka Nonsens 2015"
"normalni","projekty","zajimavosti","","OVERRIDE: co je normální čas"
"ohlednuti2011","sbirka","kronika","","OVERRIDE: ohlédnutí za rokem 2011"
"orient","projekty","projekty","","DEFAULT: projekty → projekty"
"paichl_knihy_hodiny_hodiny_slovnik_slovnik","sbirka","zajimavosti","","OVERRIDE: slovník (meta-page kandidát)"
"papir","sbirka","sbirka","","DEFAULT: sbirka → sbirka"
"perpetum_mobile","sbirka","sbirka","","DEFAULT: sbirka → sbirka"
"pichacky","projekty","konstrukce","mechanicke","OVERRIDE: kontrolní hodiny — mechanismus"
"pilovky","sbirka","konstrukce","kyvadlo","OVERRIDE: samonivelační kyvadlo"
"pneumatika","projekty","konstrukce","pneumaticke","OVERRIDE: pneumatický pohon"
"pneumatika2","projekty","konstrukce","pneumaticke;1800s","OVERRIDE: pneumatický systém Paříž"
"podebrady","sbirka","virtualni-muzeum","kvetinove;cesko","OVERRIDE: Poděbrady květinové"
"podebrady1","sbirka","virtualni-muzeum","kvetinove;cesko","OVERRIDE: Poděbrady 1"
"podebrady1b","sbirka","virtualni-muzeum","kvetinove;cesko","OVERRIDE: Poděbrady ohlasy"
"podebrady2","sbirka","virtualni-muzeum","kvetinove;cesko","OVERRIDE: Poděbrady 2"
"podebrady3","sbirka","virtualni-muzeum","kvetinove;cesko","OVERRIDE: Poděbrady trpaslík"
"podebrady4","sbirka","virtualni-muzeum","kvetinove;cesko","OVERRIDE: Poděbrady 4"
"podruzne_sekundove","sbirka","sbirka","","DEFAULT: sbirka → sbirka"
"pragotron1","sbirka","sbirka","","DEFAULT: sbirka → sbirka"
"prehled_zvonu","vezni-hodiny","sbirka","","DEFAULT: vezni-hodiny → sbirka"
"prestavby","sbirka","zajimavosti","","OVERRIDE: esej o přestavbách"
"propeller_clock","projekty","projekty","","DEFAULT: projekty → projekty"
"pulsynetic","sbirka","konstrukce","pulsynetic;synchronni;elektromagneticke","OVERRIDE: systém řízení"
"radiotelegraficke_signaly","projekty","projekty","","DEFAULT: projekty → projekty"
"razitka","sbirka","zajimavosti","","OVERRIDE: kvalifikované časové razítko (legal/IT)"
"rimskedigi","projekty","projekty","","DEFAULT: projekty → projekty"
"rimskedigi2","projekty","projekty","","DEFAULT: projekty → projekty"
"rizeni_kyvadla","projekty","konstrukce","kyvadlo;elektricke","OVERRIDE: regulace kyvadla"
"rozmberk1","vezni-hodiny","kronika","","OVERRIDE: pozvánka pro Petra Voka 2014"
"rozmberk2","vezni-hodiny","kronika","","OVERRIDE: historie Petra Voka 2014"
"ruzne","sbirka","zajimavosti","","OVERRIDE: Různé o čase"
"schaffhausen","vezni-hodiny","virtualni-muzeum","kapesni;schaffhausen","OVERRIDE: IWC Schaffhausen 1885"
"segmentovky_s_prekladem","projekty","projekty","","DEFAULT: projekty → projekty"
"sestka","sbirka","sbirka","","DEFAULT: sbirka → sbirka"
"settopbox","projekty","projekty","","DEFAULT: projekty → projekty"
"sezona2012","decin","kronika","","OVERRIDE: sezóna 2012"
"sezona2012_foto_marusak","decin","kronika","","OVERRIDE: fotoreport sezóny 2012"
"sezona2013","decin","kronika","","OVERRIDE: sezóna 2013"
"sitovky","sbirka","sbirka","","DEFAULT: sbirka → sbirka"
"skymaster_ghost","projekty","projekty","","DEFAULT: projekty → projekty"
"slunecni","sbirka","sbirka","","DEFAULT: sbirka → sbirka"
"slunecni_digi","sbirka","sbirka","","DEFAULT: sbirka → sbirka"
"slunecni_filler","sbirka","sbirka","","DEFAULT: sbirka → sbirka"
"slunecni_polarizacni","sbirka","sbirka","","DEFAULT: sbirka → sbirka"
"sobeslav2","vezni-hodiny","kronika","sobeslav;historie-spolku","OVERRIDE: Soběslav historie"
"sobeslav2b","vezni-hodiny","kronika","sobeslav;historie-spolku","OVERRIDE: Soběslav historie chronologie"
"sobeslav2c","vezni-hodiny","kronika","sobeslav;historie-spolku","OVERRIDE: Soběslav hypotézy"
"sobeslav3","vezni-hodiny","kronika","sobeslav;historie-spolku","OVERRIDE: Soběslav restaurace začátek"
"spinka","sbirka","sbirka","","DEFAULT: sbirka → sbirka"
"steampunk","sbirka","kronika","","OVERRIDE: výstavka 2012"
"svarcvaldky","sbirka","konstrukce","mechanicke","OVERRIDE: švarcvaldky obecně"
"svarcvaldky_17stol","sbirka","konstrukce","mechanicke;1700s","OVERRIDE: historie švarcvaldek"
"svarcvaldky_18stol","sbirka","konstrukce","mechanicke;1700s","OVERRIDE: historie švarcvaldek"
"svarcvaldky_hraci","sbirka","sbirka","","DEFAULT: sbirka → sbirka"
"svarcvaldky_stroje","sbirka","konstrukce","mechanicke","OVERRIDE: mechanismy švarcvaldek"
"svarcvaldky_stroje2","sbirka","konstrukce","mechanicke;1800s","OVERRIDE: štolové stroje"
"svarcvaldky_stroje_polodrev","sbirka","konstrukce","mechanicke;1800s","OVERRIDE: polodřevěné mechanismy"
"svarcvaldky_surrerwerk","sbirka","konstrukce","mechanicke;1800s","OVERRIDE: surrerwerk mechanismus"
"svetlonos","projekty","virtualni-muzeum","cesko","OVERRIDE: Sezimovo Ústí"
"svitici","sbirka","sbirka","","DEFAULT: sbirka → sbirka"
"synchron_bici","projekty","projekty","","DEFAULT: projekty → projekty"
"synchronizace_hodin","projekty","konstrukce","synchronni","OVERRIDE: obecný princip synchronizace"
"tabor","vezni-hodiny","virtualni-muzeum","vezni;cesko","OVERRIDE: táborský orloj"
"ukazatele","sbirka","konstrukce","","OVERRIDE: typy ukazatelů"
"uspirku","sbirka","sbirka","","DEFAULT: sbirka → sbirka"
"vez1","vezni-hodiny","kronika","sobeslav;historie-spolku","OVERRIDE: Soběslav historie"
"vez_Budislav","vezni-hodiny","sbirka","","DEFAULT: vezni-hodiny → sbirka"
"vez_Kli","vezni-hodiny","sbirka","","DEFAULT: vezni-hodiny → sbirka"
"vez_Prysk","vezni-hodiny","sbirka","","DEFAULT: vezni-hodiny → sbirka"
"vez_Zlate_Hory","vezni-hodiny","sbirka","","DEFAULT: vezni-hodiny → sbirka"
"vez_decin","vezni-hodiny","sbirka","","DEFAULT: vezni-hodiny → sbirka"
"vez_elektrocas1959","vezni-hodiny","sbirka","","DEFAULT: vezni-hodiny → sbirka"
"vez_instalace1","vezni-hodiny","kronika","","OVERRIDE: instalace 2011"
"vez_provoz2011","vezni-hodiny","kronika","","OVERRIDE: sezóna Soběslav 2011"
"vez_signatury","vezni-hodiny","kronika","sobeslav;historie-spolku","OVERRIDE: Soběslav signatury"
"vezni2021","vezni-hodiny","sbirka","","DEFAULT: vezni-hodiny → sbirka"
"vezni_muzejicko","vezni-hodiny","kronika","sobeslav;historie-spolku","OVERRIDE: historie Soběslav 2009-2015"
"vezni_muzejicko_evropa","vezni-hodiny","muzea","evropa","OVERRIDE: fenomén věžních muzeí"
"vezni_zikmund1","vezni-hodiny","sbirka","","DEFAULT: vezni-hodiny → sbirka"
"vlachynsky","projekty","virtualni-muzeum","cesko","OVERRIDE: Holiday Inn Brno"
"vodni","sbirka","sbirka","","DEFAULT: sbirka → sbirka"
"vodni_B_Gitton","sbirka","sbirka","","DEFAULT: sbirka → sbirka"
"vodni_budik","sbirka","sbirka","","DEFAULT: sbirka → sbirka"
"vodni_jegorov","sbirka","sbirka","","DEFAULT: sbirka → sbirka"
"vodni_minutky","sbirka","sbirka","","DEFAULT: sbirka → sbirka"
"vodni_odkazy","sbirka","sbirka","","DEFAULT: sbirka → sbirka"
"youtube","sbirka","zajimavosti","","OVERRIDE: sbírka videí o hodinách"
"zapekane","sbirka","sbirka","","DEFAULT: sbirka → sbirka"
"zidovske","sbirka","sbirka","","DEFAULT: sbirka → sbirka"
"zmizele","sbirka","virtualni-muzeum","","OVERRIDE: zmizelé hodiny"
"zvon_petr_pavel","vezni-hodiny","sbirka","","DEFAULT: vezni-hodiny → sbirka"
"zvon_petr_vok","vezni-hodiny","sbirka","","DEFAULT: vezni-hodiny → sbirka"
"zvony_uvod","vezni-hodiny","sbirka","","DEFAULT: vezni-hodiny → sbirka"
"zvony_vyroba","vezni-hodiny","sbirka","","DEFAULT: vezni-hodiny → sbirka"