slug,category,words,title,old_url
decin_2015_08_04,decin,153,"Hodinárium Děčín - expozice časoměrných strojů",https://hodinarium.eu/decin_2015_08_04.htm
decin_2015_09_04,decin,153,"Hodinárium Děčín - expozice časoměrných strojů",https://hodinarium.eu/decin_2015_09_04.htm
decin_aktual0,decin,912,"Hodinárium Děčín - expozice časoměrných strojů",https://hodinarium.eu/decin_aktual0.htm
decin_bici_stroje,decin,544,"Hodinárium Děčín - expozice časoměrných strojů",https://hodinarium.eu/decin_bici_stroje.htm
decin_chronulator,decin,256,"Hodinárium Děčín - expozice časoměrných strojů",https://hodinarium.eu/decin_chronulator.htm
decin_dalsi_stroje,decin,1472,"Hodinárium Děčín - expozice časoměrných strojů",https://hodinarium.eu/decin_dalsi_stroje.htm
decin_elektrifikace,decin,448,"Hodinárium Děčín - expozice časoměrných strojů",https://hodinarium.eu/decin_elektrifikace.htm
decin_flatbed,decin,341,"Hodinárium Děčín - expozice časoměrných strojů",https://hodinarium.eu/decin_flatbed.htm
decin_fotobrezen2017,decin,134,"Hodinárium Děčín - expozice časoměrných strojů",https://hodinarium.eu/decin_fotobrezen2017.htm
decin_fotolistopad2018,decin,173,"Hodinárium Děčín - expozice časoměrných strojů",https://hodinarium.eu/decin_fotolistopad2018.htm
decin_galerie,decin,559,"Hodinárium Děčín - expozice časoměrných strojů",https://hodinarium.eu/decin_galerie.htm
decin_jednotny_cas,decin,587,"Hodinárium Děčín - expozice časoměrných strojů",https://hodinarium.eu/decin_jednotny_cas.htm
decin_koncepce,decin,1053,"Hodinárium Děčín - expozice časoměrných strojů",https://hodinarium.eu/decin_koncepce.htm
decin_NTP,decin,1696,"Hodinárium Děčín - expozice časoměrných strojů",https://hodinarium.eu/decin_NTP.htm
decin_patek,decin,271,"Hodinárium Děčín - expozice časoměrných strojů",https://hodinarium.eu/decin_patek.htm
decin_regulaceIBM,decin,1108,"Hodinárium Děčín - expozice časoměrných strojů",https://hodinarium.eu/decin_regulaceIBM.htm
decin_stroje2019,decin,635,"Hodinárium Děčín - expozice časoměrných strojů",https://hodinarium.eu/decin_stroje2019.htm
decin_stroje2020,decin,291,"Hodinárium Děčín - expozice časoměrných strojů",https://hodinarium.eu/decin_stroje2020.htm
decin_toulava_kamera2016,decin,241,"Hodinárium Děčín - expozice časoměrných strojů",https://hodinarium.eu/decin_toulava_kamera2016.htm
decin_velika_ves,decin,493,"Hodinárium Děčín - expozice časoměrných strojů",https://hodinarium.eu/decin_velika_ves.htm
decin_vypousteny,decin,383,"Hodinárium Děčín - expozice časoměrných strojů",https://hodinarium.eu/decin_vypousteny.htm
decin_Wenzel_Mellner,decin,547,"Hodinárium Děčín - expozice časoměrných strojů",https://hodinarium.eu/decin_Wenzel_Mellner.htm
decin_zamek,decin,174,"Hodinárium Děčín - expozice časoměrných strojů",https://hodinarium.eu/decin_zamek.htm
dernisaz2013,decin,271,"Věžní muzejíčko Soběslav",https://hodinarium.eu/dernisaz2013.htm
kostky,decin,166,"Hodinárium Děčín - expozice časoměrných strojů",https://hodinarium.eu/kostky.htm
nonsens2015,decin,785,"Hodinárium Děčín - expozice časoměrných strojů",https://hodinarium.eu/nonsens2015.htm
sezona2012,decin,302,"Věžní muzejíčko Soběslav",https://hodinarium.eu/sezona2012.htm
sezona2012_foto_marusak,decin,120,"Věžní muzejíčko Soběslav",https://hodinarium.eu/sezona2012_foto_marusak.htm
sezona2013,decin,385,"Věžní muzejíčko Soběslav",https://hodinarium.eu/sezona2013.htm
download,ostatni,242,"Virtuální muzeum hodin",https://hodinarium.eu/download.htm
hainz_natahovani,ostatni,505,"Hodinárium Děčín - expozice časoměrných strojů",https://hodinarium.eu/hainz_natahovani.htm
index,ostatni,424,"Hodinárium Děčín - expozice časoměrných strojů",https://hodinarium.eu/index.htm
index,ostatni,424,"Hodinárium Děčín",https://hodinarium.eu/
laplace,ostatni,608,"Hodinárium Děčín - expozice časoměrných strojů",https://hodinarium.eu/laplace.htm
12_24,projekty,1151,"Hodinárium Děčín - expozice časoměrných strojů",https://hodinarium.eu/12_24.htm
4ruce,projekty,257,"Hodinárium Děčín - expozice časoměrných strojů",https://hodinarium.eu/4ruce.htm
alzbeta,projekty,688,"Hodinárium Děčín - expozice časoměrných strojů",https://hodinarium.eu/alzbeta.htm
Arduino,projekty,2340,"Hodin&aacute;rium Děč&iacute;n - expozice časoměrn&yacute;ch strojů",https://hodinarium.eu/Arduino.htm
Arduino_IBM,projekty,983,"Hodinárium Děčín - expozice časoměrných strojů",https://hodinarium.eu/Arduino_IBM.htm
arduino_PPS,projekty,1005,"Hodinárium Děčín - expozice časoměrných strojů",https://hodinarium.eu/arduino_PPS.htm
Arduino_Solari,projekty,1657,"Hodinárium Děčín - expozice časoměrných strojů",https://hodinarium.eu/Arduino_Solari.htm
astro2_NTP,projekty,530,"Hodinárium Děčín - expozice časoměrných strojů",https://hodinarium.eu/astro2_NTP.htm
astronomicke_Sauter,projekty,602,"Hodinárium Děčín - expozice časoměrných strojů",https://hodinarium.eu/astronomicke_Sauter.htm
ATO,projekty,295,"Hodinárium Děčín - expozice časoměrných strojů",https://hodinarium.eu/ATO.htm
atomove_kapesni,projekty,924,"Hodinárium Děčín - expozice časoměrných strojů",https://hodinarium.eu/atomove_kapesni.htm
betrisey,projekty,65,"Hodinárium Děčín - expozice časoměrných strojů",https://hodinarium.eu/betrisey.htm
cas_internet1,projekty,136,"Hodinárium Děčín - expozice časoměrných strojů",https://hodinarium.eu/cas_internet1.htm
cas_internet2,projekty,362,"Hodinárium Děčín - expozice časoměrných strojů",https://hodinarium.eu/cas_internet2.htm
casova_pasma,projekty,704,"Hodinárium Děčín - expozice časoměrných strojů",https://hodinarium.eu/casova_pasma.htm
casovy_zamek,projekty,500,"Hodinárium Děčín - expozice časoměrných strojů",https://hodinarium.eu/casovy_zamek.htm
ctwagner,projekty,341,"Hodinárium Děčín - expozice časoměrných strojů",https://hodinarium.eu/ctwagner.htm
datumatik,projekty,553,"Hodinárium Děčín - expozice časoměrných strojů",https://hodinarium.eu/datumatik.htm
dcf77,projekty,1174,"Hodinárium Děčín - expozice časoměrných strojů",https://hodinarium.eu/dcf77.htm
edgecombe,projekty,149,"Hodinárium Děčín - expozice časoměrných strojů",https://hodinarium.eu/edgecombe.htm
elektromagneticke_segmenty,projekty,833,"Hodinárium Děčín - expozice časoměrných strojů",https://hodinarium.eu/elektromagneticke_segmenty.htm
ESV3,projekty,212,"Hodinárium Děčín - expozice časoměrných strojů",https://hodinarium.eu/ESV3.htm
eureka,projekty,108,"Hodinárium Děčín - expozice časoměrných strojů",https://hodinarium.eu/eureka.htm
fake_atomove_hodiny,projekty,750,"Hodinárium Děčín - expozice časoměrných strojů",https://hodinarium.eu/fake_atomove_hodiny.htm
ferramo,projekty,252,"Hodinárium Děčín - expozice časoměrných strojů",https://hodinarium.eu/ferramo.htm
flying_pendulum,projekty,300,"Hodinárium Děčín - expozice časoměrných strojů",https://hodinarium.eu/flying_pendulum.htm
gobelin,projekty,34,"Hodinárium Děčín - expozice časoměrných strojů",https://hodinarium.eu/gobelin.htm
GPS_Sakul,projekty,679,"Hodinárium Děčín - expozice časoměrných strojů",https://hodinarium.eu/GPS_Sakul.htm
jednotnycas,projekty,697,"Hodinárium Děčín - expozice časoměrných strojů",https://hodinarium.eu/jednotnycas.htm
Kappa,projekty,958,"Hodinárium Děčín - expozice časoměrných strojů",https://hodinarium.eu/Kappa.htm
kavalir,projekty,43,"Hodinárium Děčín - expozice časoměrných strojů",https://hodinarium.eu/kavalir.htm
Lantime_M100,projekty,417,"Hodinárium Děčín - expozice časoměrných strojů",https://hodinarium.eu/Lantime_M100.htm
line_kyvadlo,projekty,969,"Hodinárium Děčín - expozice časoměrných strojů",https://hodinarium.eu/line_kyvadlo.htm
maregraf,projekty,98,"Hodinárium Děčín - expozice časoměrných strojů",https://hodinarium.eu/maregraf.htm
matematicke,projekty,218,"Hodinárium Děčín - expozice časoměrných strojů",https://hodinarium.eu/matematicke.htm
mazan,projekty,873,"Hodinárium Děčín - expozice časoměrných strojů",https://hodinarium.eu/mazan.htm
mereni_casu,projekty,3847,"Hodinárium Děčín - expozice časoměrných strojů",https://hodinarium.eu/mereni_casu.htm
mluvici1895,projekty,495,"Hodinárium Děčín - expozice časoměrných strojů",https://hodinarium.eu/mluvici1895.htm
mobil,projekty,305,"Hodinárium Děčín - expozice časoměrných strojů",https://hodinarium.eu/mobil.htm
normalni,projekty,88,"Hodinárium Děčín - expozice časoměrných strojů",https://hodinarium.eu/normalni.htm
NTPH,projekty,2313,"Hodinárium Děčín - expozice časoměrných strojů",https://hodinarium.eu/NTPH.htm
NTPH_st,projekty,2397,"Hodinárium Děčín - expozice časoměrných strojů",https://hodinarium.eu/NTPH_st.htm
orient,projekty,801,"Hodinárium Děčín - expozice časoměrných strojů",https://hodinarium.eu/orient.htm
pichacky,projekty,1368,"Hodinárium Děčín - expozice časoměrných strojů",https://hodinarium.eu/pichacky.htm
pneumatika,projekty,290,"Hodinárium Děčín - expozice časoměrných strojů",https://hodinarium.eu/pneumatika.htm
pneumatika2,projekty,1412,"Hodinárium Děčín - expozice časoměrných strojů",https://hodinarium.eu/pneumatika2.htm
propeller_clock,projekty,744,"Hodinárium Děčín - expozice časoměrných strojů",https://hodinarium.eu/propeller_clock.htm
PRS10,projekty,1409,"Hodinárium Děčín - expozice časoměrných strojů",https://hodinarium.eu/PRS10.htm
radiotelegraficke_signaly,projekty,427,"Hodinárium Děčín - expozice časoměrných strojů",https://hodinarium.eu/radiotelegraficke_signaly.htm
RickStanley,projekty,140,"Hodinárium Děčín - expozice časoměrných strojů",https://hodinarium.eu/RickStanley.htm
rimskedigi,projekty,156,"Hodinárium Děčín - expozice časoměrných strojů",https://hodinarium.eu/rimskedigi.htm
rimskedigi2,projekty,773,"Hodinárium Děčín - expozice časoměrných strojů",https://hodinarium.eu/rimskedigi2.htm
rizeni_kyvadla,projekty,940,"Hodinárium Děčín - expozice časoměrných strojů",https://hodinarium.eu/rizeni_kyvadla.htm
segmentovky_s_prekladem,projekty,101,"Hodinárium Děčín - expozice časoměrných strojů",https://hodinarium.eu/segmentovky_s_prekladem.htm
settopbox,projekty,932,"Hodinárium Děčín - expozice časoměrných strojů",https://hodinarium.eu/settopbox.htm
skymaster_ghost,projekty,361,"Hodinárium Děčín - expozice časoměrných strojů",https://hodinarium.eu/skymaster_ghost.htm
Staiger,projekty,620,"Hodinárium Děčín - expozice časoměrných strojů",https://hodinarium.eu/Staiger.htm
svetlonos,projekty,687,"Hodinárium Děčín - expozice časoměrných strojů",https://hodinarium.eu/svetlonos.htm
synchron_bici,projekty,199,"Hodinárium Děčín - expozice časoměrných strojů",https://hodinarium.eu/synchron_bici.htm
synchronizace_hodin,projekty,3393,"Hodinárium Děčín - expozice časoměrných strojů",https://hodinarium.eu/synchronizace_hodin.htm
TimeSlider,projekty,279,"Hodinárium Děčín - expozice časoměrných strojů",https://hodinarium.eu/TimeSlider.htm
TimHunkin,projekty,112,"Hodinárium Děčín - expozice časoměrných strojů",https://hodinarium.eu/TimHunkin.htm
Timometer,projekty,399,"Hodinárium Děčín - expozice časoměrných strojů",https://hodinarium.eu/Timometer.htm
vlachynsky,projekty,202,"Hodinárium Děčín - expozice časoměrných strojů",https://hodinarium.eu/vlachynsky.htm
brillie,sbirka,644,"Hodinárium Děčín - expozice časoměrných strojů",https://hodinarium.eu/brillie.htm
budiky1,sbirka,427,"Hodinárium Děčín - expozice časoměrných strojů",https://hodinarium.eu/budiky1.htm
budiky2,sbirka,300,"Hodinárium Děčín - expozice časoměrných strojů",https://hodinarium.eu/budiky2.htm
bulle,sbirka,375,"Hodinárium Děčín - expozice časoměrných strojů",https://hodinarium.eu/bulle.htm
carokodky,sbirka,66,"Hodinárium Děčín - expozice časoměrných strojů",https://hodinarium.eu/carokodky.htm
co_pisi_jini,sbirka,511,"",https://hodinarium.eu/co_pisi_jini.htm
decimalky,sbirka,1015,"Virtuální muzeum hodin",https://hodinarium.eu/decimalky.htm
elektricke1,sbirka,876,"Hodinárium Děčín - expozice časoměrných strojů",https://hodinarium.eu/elektricke1.htm
elektricke2,sbirka,456,"Hodinárium Děčín - expozice časoměrných strojů",https://hodinarium.eu/elektricke2.htm
faust,sbirka,1023,"Věžní muzejíčko Soběslav",https://hodinarium.eu/faust.htm
hinspirace,sbirka,1010,"Hodinárium Děčín - expozice časoměrných strojů",https://hodinarium.eu/hinspirace.htm
jezdecke,sbirka,172,"Hodinárium Děčín - expozice časoměrných strojů",https://hodinarium.eu/jezdecke.htm
kalendar_rimsky,sbirka,1200,"Hodinárium Děčín - expozice časoměrných strojů",https://hodinarium.eu/kalendar_rimsky.htm
kapesni_orloj,sbirka,336,"Hodinárium Děčín - expozice časoměrných strojů",https://hodinarium.eu/kapesni_orloj.htm
kulicky,sbirka,176,"Hodinárium Děčín - expozice časoměrných strojů",https://hodinarium.eu/kulicky.htm
kuriozity1,sbirka,48,"Hodinárium Děčín - expozice časoměrných strojů",https://hodinarium.eu/kuriozity1.htm
kvetinove,sbirka,511,"Hodinárium Děčín - expozice časoměrných strojů",https://hodinarium.eu/kvetinove.htm
kvetinovehodiny_Chomutov,sbirka,409,"Hodinárium Děčín - expozice časoměrných strojů",https://hodinarium.eu/kvetinovehodiny_Chomutov.htm
kvetinovehodiny_NMnM,sbirka,1310,"Hodinárium Děčín - expozice časoměrných strojů",https://hodinarium.eu/kvetinovehodiny_NMnM.htm
lahvace,sbirka,81,"Hodinárium Děčín - expozice časoměrných strojů",https://hodinarium.eu/lahvace.htm
lenzkirch,sbirka,464,"Hodinárium Děčín - expozice časoměrných strojů",https://hodinarium.eu/lenzkirch.htm
listkove_kohler,sbirka,505,"Hodinárium Děčín - expozice časoměrných strojů",https://hodinarium.eu/listkove_kohler.htm
literatura,sbirka,667,"Hodinárium Děčín - expozice časoměrných strojů",https://hodinarium.eu/literatura.htm
mapa,sbirka,1103,"Český spolek horologický",https://hodinarium.eu/mapa.htm
merkur,sbirka,116,"Hodinárium Děčín - expozice časoměrných strojů",https://hodinarium.eu/merkur.htm
mobatime,sbirka,834,"Hodinárium Děčín - expozice časoměrných strojů",https://hodinarium.eu/mobatime.htm
motorky,sbirka,66,"Hodinárium Děčín - expozice časoměrných strojů",https://hodinarium.eu/motorky.htm
muzea_cr,sbirka,1326,"Hodinárium Děčín - expozice časoměrných strojů",https://hodinarium.eu/muzea_cr.htm
mystery,sbirka,112,"Hodinárium Děčín - expozice časoměrných strojů",https://hodinarium.eu/mystery.htm
nocturnal,sbirka,668,"Hodinárium Děčín - expozice časoměrných strojů",https://hodinarium.eu/nocturnal.htm
ohlednuti2011,sbirka,877,"Věžní muzejíčko Soběslav",https://hodinarium.eu/ohlednuti2011.htm
paichl_knihy_hodiny_hodiny_slovnik_slovnik,sbirka,254,"paichl_knihy_hodiny_hodiny_slovnik_slovnik",https://hodinarium.eu/paichl/knihy/hodiny/hodiny_slovnik/slovnik.htm
papir,sbirka,146,"Hodinárium Děčín - expozice časoměrných strojů",https://hodinarium.eu/papir.htm
perpetum_mobile,sbirka,448,"Virtuální muzeum hodin",https://hodinarium.eu/perpetum_mobile.htm
pilovky,sbirka,736,"Hodinárium Děčín - expozice časoměrných strojů",https://hodinarium.eu/pilovky.htm
podebrady,sbirka,338,"Hodinárium Děčín - expozice časoměrných strojů",https://hodinarium.eu/podebrady.htm
podebrady1,sbirka,332,"Hodinárium Děčín - expozice časoměrných strojů",https://hodinarium.eu/podebrady1.htm
podebrady1b,sbirka,1460,"Hodinárium Děčín - expozice časoměrných strojů",https://hodinarium.eu/podebrady1b.htm
podebrady2,sbirka,792,"Hodinárium Děčín - expozice časoměrných strojů",https://hodinarium.eu/podebrady2.htm
podebrady3,sbirka,578,"Hodinárium Děčín - expozice časoměrných strojů",https://hodinarium.eu/podebrady3.htm
podebrady4,sbirka,24,"Hodinárium Děčín - expozice časoměrných strojů",https://hodinarium.eu/podebrady4.htm
podruzne_sekundove,sbirka,256,"Hodinárium Děčín - expozice časoměrných strojů",https://hodinarium.eu/podruzne_sekundove.htm
pragotron1,sbirka,1562,"Hodinárium Děčín - expozice časoměrných strojů",https://hodinarium.eu/pragotron1.htm
prestavby,sbirka,483,"Hodinárium Děčín - expozice časoměrných strojů",https://hodinarium.eu/prestavby.htm
pulsynetic,sbirka,1354,"Hodinárium Děčín - expozice časoměrných strojů",https://hodinarium.eu/pulsynetic.htm
razitka,sbirka,513,"Hodinárium Děčín - expozice časoměrných strojů",https://hodinarium.eu/razitka.htm
ruzne,sbirka,69,"Hodinárium Děčín - expozice časoměrných strojů",https://hodinarium.eu/ruzne.htm
sestka,sbirka,53,"Hodinárium Děčín - expozice časoměrných strojů",https://hodinarium.eu/sestka.htm
sitovky,sbirka,691,"Hodinárium Děčín - expozice časoměrných strojů",https://hodinarium.eu/sitovky.htm
slunecni,sbirka,391,"",https://hodinarium.eu/slunecni.htm
slunecni_digi,sbirka,326,"Hodinárium Děčín - expozice časoměrných strojů",https://hodinarium.eu/slunecni_digi.htm
slunecni_filler,sbirka,80,"Hodinárium Děčín - expozice časoměrných strojů",https://hodinarium.eu/slunecni_filler.htm
slunecni_polarizacni,sbirka,695,"Hodinárium Děčín - expozice časoměrných strojů",https://hodinarium.eu/slunecni_polarizacni.htm
spinka,sbirka,273,"Hodinárium Děčín - expozice časoměrných strojů",https://hodinarium.eu/spinka.htm
steampunk,sbirka,243,"Věžní muzejíčko Soběslav",https://hodinarium.eu/steampunk.htm
svarcvaldky,sbirka,424,"Hodinárium Děčín - expozice časoměrných strojů",https://hodinarium.eu/svarcvaldky.htm
svarcvaldky_17stol,sbirka,473,"Hodinárium Děčín - expozice časoměrných strojů",https://hodinarium.eu/svarcvaldky_17stol.htm
svarcvaldky_18stol,sbirka,266,"Hodinárium Děčín - expozice časoměrných strojů",https://hodinarium.eu/svarcvaldky_18stol.htm
svarcvaldky_hraci,sbirka,149,"Hodinárium Děčín - expozice časoměrných strojů",https://hodinarium.eu/svarcvaldky_hraci.htm
svarcvaldky_stroje,sbirka,1036,"Hodinárium Děčín - expozice časoměrných strojů",https://hodinarium.eu/svarcvaldky_stroje.htm
svarcvaldky_stroje_polodrev,sbirka,221,"Hodinárium Děčín - expozice časoměrných strojů",https://hodinarium.eu/svarcvaldky_stroje_polodrev.htm
svarcvaldky_stroje2,sbirka,272,"Hodinárium Děčín - expozice časoměrných strojů",https://hodinarium.eu/svarcvaldky_stroje2.htm
svarcvaldky_surrerwerk,sbirka,613,"Hodinárium Děčín - expozice časoměrných strojů",https://hodinarium.eu/svarcvaldky_surrerwerk.htm
svitici,sbirka,1577,"Hodinárium Děčín - expozice časoměrných strojů",https://hodinarium.eu/svitici.htm
ukazatele,sbirka,431,"Hodinárium Děčín - expozice časoměrných strojů",https://hodinarium.eu/ukazatele.htm
uspirku,sbirka,310,"Hodinárium Děčín - expozice časoměrných strojů",https://hodinarium.eu/uspirku.htm
vodni,sbirka,488,"Hodinárium Děčín - expozice časoměrných strojů",https://hodinarium.eu/vodni.htm
vodni_B_Gitton,sbirka,428,"Hodinárium Děčín - expozice časoměrných strojů",https://hodinarium.eu/vodni_B_Gitton.htm
vodni_budik,sbirka,61,"Hodinárium Děčín - expozice časoměrných strojů",https://hodinarium.eu/vodni_budik.htm
vodni_jegorov,sbirka,353,"Hodinárium Děčín - expozice časoměrných strojů",https://hodinarium.eu/vodni_jegorov.htm
vodni_minutky,sbirka,211,"Hodinárium Děčín - expozice časoměrných strojů",https://hodinarium.eu/vodni_minutky.htm
vodni_odkazy,sbirka,65,"Hodinárium Děčín - expozice časoměrných strojů",https://hodinarium.eu/vodni_odkazy.htm
youtube,sbirka,164,"Hodinárium Děčín - expozice časoměrných strojů",https://hodinarium.eu/youtube.htm
zapekane,sbirka,94,"Hodinárium Děčín - expozice časoměrných strojů",https://hodinarium.eu/zapekane.htm
zidovske,sbirka,1206,"Hodinárium Děčín - expozice časoměrných strojů",https://hodinarium.eu/zidovske.htm
zmizele,sbirka,395,"Hodinárium Děčín - expozice časoměrných strojů",https://hodinarium.eu/zmizele.htm
hledej,spolek,0,"Český spolek horologický",https://hodinarium.eu/hledej.htm
kontakt,spolek,104,"Český spolek horologický",https://hodinarium.eu/kontakt.htm
novinky,spolek,711,"Český spolek horologický",https://hodinarium.eu/novinky.htm
novinky2,spolek,1373,"Český spolek horologický",https://hodinarium.eu/novinky2.htm
spolek,spolek,693,"Český spolek horologický",https://hodinarium.eu/spolek.htm
sponsor,spolek,107,"Český spolek horologický",https://hodinarium.eu/sponsor.htm
stanovy,spolek,0,"Český spolek horologický",https://hodinarium.eu/stanovy.htm
usneseni_o_zapisu_spolku,spolek,22,"Český spolek horologický",https://hodinarium.eu/usneseni_o_zapisu_spolku.htm
zapis20190118,spolek,0,"Český spolek horologický",https://hodinarium.eu/zapis20190118.htm
zapis20200110,spolek,0,"Hodinárium Děčín - expozice časoměrných strojů",https://hodinarium.eu/zapis20200110.htm
bychory_cimbaly,vezni-hodiny,130,"Hodinárium Děčín - expozice časoměrných strojů",https://hodinarium.eu/bychory_cimbaly.htm
bychory_dalsi_kola,vezni-hodiny,730,"Hodinárium Děčín - expozice časoměrných strojů",https://hodinarium.eu/bychory_dalsi_kola.htm
bychory_prokes1,vezni-hodiny,541,"Hodinárium Děčín - expozice časoměrných strojů",https://hodinarium.eu/bychory_prokes1.htm
bychory_restaurovani_napis,vezni-hodiny,304,"Hodinárium Děčín - expozice časoměrných strojů",https://hodinarium.eu/bychory_restaurovani_napis.htm
bychory_zvonici_stroj,vezni-hodiny,465,"Hodinárium Děčín - expozice časoměrných strojů",https://hodinarium.eu/bychory_zvonici_stroj.htm
janovice,vezni-hodiny,1606,"Hodinárium Děčín - expozice časoměrných strojů",https://hodinarium.eu/janovice.htm
kardasova_recice,vezni-hodiny,1004,"Hodinárium Děčín - expozice časoměrných strojů",https://hodinarium.eu/kardasova_recice.htm
mindelheim,vezni-hodiny,88,"Věžní muzejíčko Soběslav",https://hodinarium.eu/mindelheim.htm
prehled_zvonu,vezni-hodiny,739,"Věžní muzejíčko Soběslav",https://hodinarium.eu/prehled_zvonu.htm
rozmberk1,vezni-hodiny,257,"Věžní muzejíčko Soběslav",https://hodinarium.eu/rozmberk1.htm
rozmberk2,vezni-hodiny,622,"Věžní muzejíčko Soběslav",https://hodinarium.eu/rozmberk2.htm
schaffhausen,vezni-hodiny,274,"Hodinárium Děčín - expozice časoměrných strojů",https://hodinarium.eu/schaffhausen.htm
sobeslav2,vezni-hodiny,610,"Věžní muzejíčko Soběslav",https://hodinarium.eu/sobeslav2.htm
sobeslav2b,vezni-hodiny,1943,"Věžní muzejíčko Soběslav",https://hodinarium.eu/sobeslav2b.htm
sobeslav2c,vezni-hodiny,835,"Věžní muzejíčko Soběslav",https://hodinarium.eu/sobeslav2c.htm
sobeslav3,vezni-hodiny,358,"Věžní muzejíčko Soběslav",https://hodinarium.eu/sobeslav3.htm
tabor,vezni-hodiny,794,"Hodinárium Děčín - expozice časoměrných strojů",https://hodinarium.eu/tabor.htm
vez_Budislav,vezni-hodiny,487,"Hodinárium Děčín - expozice časoměrných strojů",https://hodinarium.eu/vez_Budislav.htm
vez_decin,vezni-hodiny,362,"Hodinárium Děčín - expozice časoměrných strojů",https://hodinarium.eu/vez_decin.htm
vez_elektrocas1959,vezni-hodiny,405,"Věžní muzejíčko Soběslav",https://hodinarium.eu/vez_elektrocas1959.htm
vez_instalace1,vezni-hodiny,156,"Věžní muzejíčko Soběslav",https://hodinarium.eu/vez_instalace1.htm
vez_Kli,vezni-hodiny,228,"Hodinárium Děčín - expozice časoměrných strojů",https://hodinarium.eu/vez_Kli.htm
vez_provoz2011,vezni-hodiny,614,"Věžní muzejíčko Soběslav",https://hodinarium.eu/vez_provoz2011.htm
vez_Prysk,vezni-hodiny,610,"Hodinárium Děčín - expozice časoměrných strojů",https://hodinarium.eu/vez_Prysk.htm
vez_signatury,vezni-hodiny,425,"Věžní muzejíčko Soběslav",https://hodinarium.eu/vez_signatury.htm
vez_Zlate_Hory,vezni-hodiny,521,"Hodinárium Děčín - expozice časoměrných strojů",https://hodinarium.eu/vez_Zlate_Hory.htm
vez1,vezni-hodiny,873,"Věžní muzejíčko Soběslav",https://hodinarium.eu/vez1.htm
vezni_muzejicko,vezni-hodiny,971,"Věžní muzejíčko Soběslav",https://hodinarium.eu/vezni_muzejicko.htm
vezni_muzejicko_evropa,vezni-hodiny,2207,"Věžní muzejíčko Soběslav",https://hodinarium.eu/vezni_muzejicko_evropa.htm
vezni_zikmund1,vezni-hodiny,519,"Hodinárium Děčín - expozice časoměrných strojů",https://hodinarium.eu/vezni_zikmund1.htm
vezni2021,vezni-hodiny,526,"Hodinárium Děčín - expozice časoměrných strojů",https://hodinarium.eu/vezni2021.htm
zvon_petr_pavel,vezni-hodiny,187,"Věžní muzejíčko Soběslav",https://hodinarium.eu/zvon_petr_pavel.htm
zvon_petr_vok,vezni-hodiny,484,"Věžní muzejíčko Soběslav",https://hodinarium.eu/zvon_petr_vok.htm
zvony_uvod,vezni-hodiny,402,"Věžní muzejíčko Soběslav",https://hodinarium.eu/zvony_uvod.htm
zvony_vyroba,vezni-hodiny,691,"Věžní muzejíčko Soběslav",https://hodinarium.eu/zvony_vyroba.htm