;;;;;;;;;;
;Číslo;Popis;Typ;Stav;;;;;;
;1;věžní Hiemann 1884;Graham;funkční;;;;;;
;2;věžní Prokeš 1868 soubor;Benoit a Robert;funkční;;;;;;
;3;barokní ministroj  18. stol.;švarcvald;funkční;;;;;;
;4;věžní 18. stol. ;špindl;nefunkční;;;;;;
;5;věžní 18. stol. špindl;špindl;nefunkční;;;;;;
;6;věžní Michael Christ;Clement;funkční;;;;;;
;7;věžní F. X. Beitel;Graham;funkční;;;;;;
;8;věžní R. Liebing;Graham;nefunkční;;;;;;
;9;věžní Thöndel;Graham;nefunkční;;;;;;
;10;věžní;Amant;funkční;;;;;;
;11;věžní torzo;Graham;nefunkční;;;;;; 
;12;věžní Rochlitz;Graham;funkční;;;;;;
;13;věžní Wenzel Mellner;špindl;funkční;;;;;;
;14;věžní hodiny Paul Zieux;Amant;funkční;;;;;;
;15;věžní Kohlert Kraslice;Graham;funkční;;;;;;
;16;věžní Kladno;Graham;funkční;;;;;;
;17;věžní Hainz;Graham;funkční;;;;;;
 ;18;věžní barokní kované;špindl;nefunkční;;;;;;
;19;věžní hodiny Amant 1898;Amant;funkční;;;;;;
;20;věžní hodiny Krečmer;Amant;funkční;;;;;;
;21;věžní dřevěné;špindl;funkční;;;;;;
;22;věžní Holanďan;Clement;funkční;;;;;;
;23;věžní Jílové;Clement;funkční;;;;;;
;24;věžní Bassler;Amant;funkční;;;;;;
;25;věžní Chřibská;Clement;nefunkční;;;;;;
;26;věžní Jirkostroj;Graham;funkční;;;;;;
;27;věžní Velká Ves;;nefunkční;;;;;;
;28;věžní se setrvačkou;pérové;funkční;;;;;;
;29;věžní Benešov;Amant;funkční;;;;;;
;30;věžní Polevsko Hainz;Graham;funkční;;;;;;
;31;věžní Francie;Benoit a Robert;funkční;;;;;;
;32;Věžní Skalice;Amant;funkční;;;;;;
;33;Věžní Lexa;Graham;funkční;;;;;;
;34;Věžní Benešov radnice;Graham;funkční;;;;;;
;35;Věžní Mikulášovice;Winnerl ;;;;;;;
;36;věžní Thöndel 2;Amant;funkční;;;;;;
;37;komplet matičních hodin + Brillié;;funkční;;;;;;
;38;součást věžních hodin;;nefunkční;;;;;;
;39;Die Turmuhren;kniha;;;;;;;
;40;dřevěné hodiny;quarz;funkční;;;;;;
;41;hodiny Achrer;;funkční;;;;;;
;42;hodiny housle;quarz;funkční;;;;;;
;43;kované hodiny Legner;quarz;funkční;;;;;;
;44;lihýřové hodiny;lihýř;funkční;;;;;;
;45;matiční hodiny T&N;;funkční;;;;;;
;46;nouzové zastavení času;quarz;funkční;;;;;;
;47;orloj Skála;;funkční;;;;;;
;48;podlahové hodiny barokní;;funkční;;;;;;
;49;podlahové hodiny Comtoise;Graham;funkční;;;;;;
;50;podružné věžní VH1 Elektročas;elektro;funkční;;;;;;
;51;podružné věžní  Elektročas ;motorek;funkční;;;;;;
;52;Soustava rozvodů s rafijemi;;;;;;;;
;53;Orloj Hvězdárna Petřín;;funkční;;;;;;
;54;skeletové hodiny Kavalír;;funkční;;;;;;
;55;Hodiny Comtoise;špindl;funkční;;;;;;
;56;Hodiny Comtoise;kotvový;funkční;;;;;;
;57;kované hodiny Gibbus 1;quarz;funkční;;;;;;
;58;kované hodiny Gibbus 2;quarz;funkční;;;;;;
;59;podlahové anglické;Graham;funkční;;;;;;
;60;Hodinový hotel;Dřevořezba;funkční;;;;;;
;61;Cimbál s kladivem;;nefunkční;;;;;;
;62;torzo ciferníku s ručkou a rozvody;;nefunkční;;;;;;
;63;Pendlovky;pérové;funkční;;;;;;
;64;Mysteriózní natahování;;funkční;;;;;;
;65;Orloj Kavalír;model;funkční;;;;;;
;66;Cimbál s odbíjením;;funkční;;;;;;
;67;Věžní Lissner;;funkční;;;;;;
;;;;;;;;;;
;;;;;;;;;;
;Vitrína 1;;;;;;;;;
;68;Sluneční hodiny horizontální;;funkční;;;;;;
;69;Sluneční hodiny polární plechové;;funkční;;;;;;
;70;Sluneční hodiny polární mosazné;;funkční; ;;;;;
;71;Sluneční hodiny polární plechové;;funkční;;;;;;
;72;Sluneční hodiny přenosné 1;;funkční;;;;;;
;73;Sluneční hodiny přenosné 2;;funkční;;;;;;
;74;Astroláb dřevěný;;funkční;;;;;;
;75;Heliochronometr;;funkční;;;;;;
;76;Sluneční hodiny diptychové;;funkční;;;;;;
;77;Sluneční hodiny dřevěné;;funkční;;;;;;
;78;Heliochronometr ekvatoreální;;funkční;;;;;;
;79;Nocturnal mosazný;;funkční;;;;;;
;80;Sluneční hodiny kapesní zdobené;;funkční;;;;;;
;81;Náramkové solární hodinky;;;;;;;;
;82;Sluneční hodiny prstencové;model lepenka;;;;;;;
;83;Nocturnal;model lepenka;;;;;;;
;84;Sluneční hodiny prstencové ;cín;;;;;;;
;85;Sluneční hodiny kubické ;;;;;;;;
;86;Sluneční hodiny s analémou velké;;;;;;;;
;87;Sluneční hodiny s analémou malé;;;;;;;;
;88;Sluneční hodiny stolní Engelbrecht;;;;;;;;
;89;Sluneční hodiny stolní barokní;;;;;;;;
;;;;;;;;;;
;;;;;;;;;;
;Vitrína 2;;;;;;;;;
;90;Holubářské hodiny 1;;funkční;;;;;;
;91;Holubářské hodiny 2;;;;;;;;
;92;Časový strojek trezorový;;funkční;;;;;;
;93;Sky timer stopky;;;;;;;;
;94;Ponocenské hodiny 1;;;;;;;;
;95;Ponocenské hodiny 2;;;;;;;;
;96;Dioráma;;;;;;;;
;97;Pohlednice orloje 20x;;;;;;;;
;98;Hodinky digitální 20x;;;;;;;;
;99;Hodinky náhrdelník;;;;;;;;
;;;;;;;;;;
;;;;;;;;;;
;;;;;;;;;;
;Vitrína 3;;;;;;;;;
;100;Švarcvaldský stroj 3 ks;;;;;;;;
;101;Hodiny schwarzwald;;;;;;;;
;102;Kukačky;;;;;;;;
;103;Strojek na řetízky 2ks;;;;;;;;
;104;Kukačky vyřezávané;;;;;;;;
;105;Stolní misky na olej;;;;;;;;
;106;Narážečka obdélník sada;;;;;;;;
;107;Narážečka ;;;;;;;;
;108;Hodinářský soustruh;;;;;;;;
;;;;;;;;;;
;;;;;;;;;;
;;;;;;;;;;
;;Panel 1;;;;;;;;
;;;;;;;;;;
;Číslo;Popis;Typ;Stav;;;;;;
;1;Model Hipp;Hipp;funkční;;;;;;
;2;Podružné hodiny Hipp 1860;Hipp;funkční;;;;;;
;3;Matiční Wagner;nakopávací;funkční;;;;;;
;4;Brillié;pevná cívka;funkční;;;;;;
;5;Matiční Zenith;kyvadlové;funkční;;;;;;
;6;Matiční Ericsson;kyvadlové;funkční;;;;;;
;7;Hodiny Kienzle;kyvadlové;funkční;;;;;;
;;;;;;;;;;
;;;;;;;;;;
;;;;;;;;;;
;;Panel 2;;;;;;;;
;;;;;;;;;;
;Číslo;Popis;Typ;Stav;;;;;;
;1;Matiční Elektročas;;funkční;;;;;;
;2;Selénový usměrňovač;;funkční;;;;;;
;3;Linkový zesilovač;Pragotron;funkční;;;;;;
;4;Linkový zesilovač reléový;Pragotron;funkční;;;;;;
;5;Podružné hodiny velké;Pragotron;funkční;;;;;;
;6;Podružné hodiny malé 4x;Bakelitový kryt;funkční;;;;;;
;7;Strojek Hainz;;funkční;;;;;;
;8;Jednotný čas;stolní;funkční;;;;;;
;;;;;;;;;;
;;;;;;;;;;
;;;;;;;;;;
;;Panel 3;;;;;;;;
;;;;;;;;;;
;Číslo;Popis;Typ;Stav;;;;;;
;1;Matiční T&N;;funkční;;;;;;
;2;Podružné Bürk;;funkční;;;;;;
;3;Perconta;Perconta;funkční;;;;;;
;4;Nástěnné Laplace;Českomoravská;funkční;;;;;;
;5;Nástěnné Laplace kulaté;dřevěný kryt;funkční;;;;;;
;6;Matiční hodiny synchronní;Siemens;funkční;;;;;;
;7;Řetězové;;funkční;;;;;;
;8;Synchronní Spar;;funkční;;;;;;
;;;;;;;;;;
;;;;;;;;;;
;;;;;;;;;;
;;;;;;;;;;
;;;;;;;;;;
;;Panel 4;;;;;;;;
;;;;;;;;;;
;Číslo;Popis;Typ;Stav;;;;;;
;1;CPJ 061;;funkční;;;;;;
;2;EH41;;funkční;;;;;;
;3;SH40;;funkční;;;;;;
;4;ZZ42;;funkční;;;;;;
;5;Panel Elektročas;;funkční;;;;;;
;6;ESH 3;;funkční;;;;;;
;7;EH81;;funkční;;;;;;
;8;RL 83;;funkční;;;;;;
;9;Ozubené čtverce;;funkční;;;;;;
;10;Nástěnné Schauer;;funkční;;;;;;
;11;Podružné Pragotron Perla;;funkční;;;;;;
;12;IPJ 0612 3x;;funkční;;;;;;
;13;DPJ57;;funkční;;;;;;
;;;;;;;;;;
;;;;;;;;;;
;;;;;;;;;;
;;Panel 5;;;;;;;;
;;;;;;;;;;
;Číslo;Popis;Typ;Stav;;;;;;
;1;Mini hlavní hodiny HN61;;funkční;;;;;;
;2;Podružné hodiny Mobatime;;funkční;;;;;;
;3;Podružné hodiny Bodet;;funkční;;;;;;
;4;Hodiny DCF;;funkční;;;;;;
;5;Hodiny HN350;;funkční;;;;;;
;6;Hodiny EH101;;funkční;;;;;;
;7;NTP,GPS, PPS server;;funkční;;;;;;
;8;Internetová brána;MKT;funkční;;;;;;
;9;NTP a GPS server;vzorek;nefunkční;;;;;;
;10;Switch;;funkční;;;;;;
;11;Notebook;;funkční;;;;;;
;12;Překlápěcí hodiny zavináč;;funkční;;;;;;
;13;Řídicí systém Gema;;funkční;;;;;;
;14;Podružné hodiny IBM;;funkční;;;;;;
;15;Podružné hodiny IBM strojek;;funkční;;;;;;
;16;Řízení IBM Arduino;;funkční;;;;;;
;17;Lodní hodiny Kappa;;funkční;;;;;;
;;;;;;;;;;
;;;;;;;;;;
;;;;;;;;;;
;;;;;;;;;;
;;;Vitrína 1;;;;;;;
;;;;;;;;;;
;Číslo;Popis;Typ;Stav;;;;;;
;109;Metronom Letná;;funkční;;;;;;
;110;Hodiny Bulle čínské;;funkční;;;;;;
;111;Stolní kyvadlové Art-deco;;funkční;;;;;;
;112;Synchronní Art deco;;funkční;;;;;;
;113;Hodiny Bulle;;funkční;;;;;;
;114;Synchronní bicí - stroj 1;;funkční;;;;;;
;115;Budík s lampičkou porcelán;;funkční;;;;;;
;116;Budík s lampičkou podlouhlou;;funkční;;;;;;
;117;Synchronní Laplace - stroj;;funkční;;;;;;
;118;Electro Boy;;funkční;;;;;;
;119;Synchronní bicí - stroj 2;;funkční;;;;;;
;120;Stolní hodiny Siemens;;funkční;;;;;;
;121;Budík 24 hod.;;funkční;;;;;;
;122;Hodiny Datumatic;;funkční;;;;;;
;123;Hodiny DR Patent;;funkční;;;;;;
;124;Hodiny nástěnné synchro;;funkční;;;;;;
;125;Hodiny nástěnné Otto Rumburg;;funkční;;;;;;
;126;Big Ben electric;;funkční;;;;;;
;127;Stolní Everett Edgecome;;funkční;;;;;;
;128;Elektrokapalinové Puja;;funkční;;;;;;
;129;Schodišťový spínač se zdrojem;;funkční;;;;;;
;130;Stolní ATO hranaté;;funkční;;;;;;
;131;Mysteriozní Jefferson se zdrojem;;funkční;;;;;;
;132;Stopky Křižík;;funkční;;;;;;
;133;Stolní budík synchro;;funkční;;;;;;
;134;Stopky 007;;funkční;;;;;;
;135;Spínací hodiny Karel Žofka;;funkční;;;;;;
;136;Stolní s digi vteřinovkou;;funkční;;;;;;
;137;Stolní alabastr;;funkční;;;;;;
;138;Stolní s vteřinovkou;;funkční;;;;;;
;;;;;;;;;;
;;;;;;;;;;
;;;;;;;;;;
;;;;;;;;;;
;;;;;;;;;;
;;Vitrína 2;;;;;;;;
;;;;;;;;;;
;Číslo;Popis;Typ;Stav;;;;;;
;139;Stolní světový čas;;funkční ;;;;;;
;140;Strojek setrvačkový Orel;;funkční;;;;;;
;141;Budík Television;;funkční;;;;;;
;142;Budík DCF s projekcí;;funkční;;;;;;
;143;Budík Slava;;funkční;;;;;;
;144;Strojek setrvačkový;;funkční;;;;;;
;145;Budík Ruhla 1;;funkční;;;;;;
;146;Budík BT Bentime;;funkční;;;;;;
;147;Budík Prim kulatý;;funkční;;;;;;
;148;Junghans Ato-Mat;;funkční;;;;;;
;149;Elchron Polná 1 ;;funkční;;;;;;
;150;Elchron Polná 2 ;;funkční;;;;;;
;151;Elchron Polná 3 ;;funkční;;;;;;
;152;Strojek podružný Elektročas 11x;;funkční;;;;;;
;153;Stolní tranzistorové ATO;;funkční;;;;;;
;154;Budík stroj;;nefunkční;;;;;;
;155;Stolní ročky Quartz;;funkční;;;;;;
;156;Hodiny Kienzle Everdate;;funkční;;;;;;
;157;Stolní lístkové - stroj;;funkční;;;;;;
;158;Budík quartz plexi;;funkční;;;;;;
;159;Stolní hodiny Orel s kalendářem;;funkční;;;;;;
;160;Budík Ruhla 2;;funkční;;;;;;
;161;Hodiny Elektronika;;nefunkční;;;;;;
;162;Hodiny synchonní hranaté;;nefunkční;;;;;;
;163;Hodiny stolní odlévaný rám;;funkční;;;;;;
;164;Hodiny synchonní skleněné;;nefunkční;;;;;;
;;;;;;;;;;
;;;;;;;;;;
;;;;;;;;;;
;;Vitrína 3;;;;;;;;
;;;;;;;;;;
;Číslo;Popis;Typ;Stav;;;;;;
;165;Budík Renforce;;;;;;;;
;166;Digitální hodiny Farny;;funkční;;;;;;
;167;Krystalová časová základna;;nefunkční;;;;;;
;168;Amatérské hodiny OMA;;nefunkční;;;;;;
;169;DCF hodiny PIK;;funkční;;;;;;
;170;Hodiny docházkové digitální;;funkční;;;;;;
;171;Hodiny Dočekal;;funkční;;;;;;
;172;Hodiny SH 94;;;;;;;;
;173;Podružný stroj velký;;funkční;;;;;;
;174;Hodiny Exponet;;funkční;;;;;;
;175;Osciloskopické hodiny;;funkční;;;;;;
;176;Retrográdní hodiny Kavalír;;funkční;;;;;;
;177;Kmitací hodiny;;funkční;;;;;;
;178;Budík Elektronika 2;;nefunkční;;;;;;
;179;Budík černýHodiny Ferraris;;funkční;;;;;;
;180;Regulátor Term 52 ;;nefunkční;;;;;;
;181;Hodiny s digitrony;;funkční;;;;;;
;182;Časová základna UA509GP;;funkční;;;;;;
;183;Časová základna GPS 167;;funkční;;;;;;
;;;;;;;;;;
;;;;;;;;;;
;;;;;;;;;;
;;;;;;;;;;
;;;;;;;;;;
;;Vitrína 4;;;;;;;;
;;;;;;;;;;
;Číslo;Popis;Typ;Stav;;;;;;
;184;Tourbillon Spilka;;funkční;;;;;;
;185;Elektronicky řízené odbíjení;;funkční;;;;;;
;186;3D hodiny velké;;funkční;;;;;;
;187;Mysteriózní hodiny velké;;funkční;;;;;;
;188;Mysteriózní hodiny malé;;funkční;;;;;;
;189;Astronomické hodiny;;funkční;;;;;;
;190;Sekvenční hodiny;;funkční;;;;;;
;191;Magické hodiny;;funkční;;;;;;
;192;Sluneční hodiny digitální;;funkční;;;;;;
;193;Římské odbíjení;;funkční;;;;;;
;194;Římské digitálky;;funkční;;;;;;
;195;Týdeník;;funkční;;;;;;
;;;;;;;;;;
;;;;;;;;;;
;;;;;;;;;;
;;;;;;;;;;
;;;;;;;;;;
;;Vitrína 5;;;;;;;;
;;;;;;;;;;
;Číslo;Popis;Typ;Stav;;;;;;
;196;Stopky Pragotron;;funkční;;;;;;
;197;Podružné strojky 10x;;;;;;;;
;199;Podružné hodiny KH1;;funkční;;;;;;
;201;Podružné hodiny s vteřinovkou;;funkční;;;;;;
;203;Zdroj ZZ1;;funkční;;;;;;
;205;Hodiny EH81;;funkční;;;;;;
;206;Podružé hodiny s vteřinovkou;;funkční;;;;;;
;207;Deska hodin ESH1;;funkční;;;;;;
;;;;;;;;;;
;;;;;;;;;;
;;;;;;;;;;
;;Vitrína rohová;;;;;;;;
;;;;;;;;;;
;Číslo;Popis;Typ;Stav;;;;;;
;208;Přesýpací hodiny;;funkční;;;;;;
;209;Kované zámky 6 ks;;;;;;;;
;210;Razítko časové;;;;;;;;
;211;Staroměstská věž 3 klauni;;;;;;;;
;212;Staroměstská věž keramika;;;;;;;;
;213;Čínský budík keramika;;;;;;;;
;214;Propagandawecker;;;;;;;;
;215;Hotelový budík modrý;;;;;;;;
;216;Vodní hodiny čínské;;;;;;;;
;217;Hotelový budík velký;;;;;;;;
;218;Věž Big - Ben;;;;;;;;
;219;Automatické máčedlo čaje;;;;;;;;
;220;Vodní budík;;;;;;;;
;221;Hodiny - váhy;;;;;;;;
;222;Hodiny ročky;;;;;;;;
;223;Budík Slava;;;;;;;;
;224;Hodiny sluneční pistole;;;;;;;;
;225;Budík náboj;;;;;;;;
;226;Hodiny čtvercové;;;;;;;;
;227;Hodiny houslový klíč;;;;;;;;
;228;Hodiny cylindrické;;;;;;;;
;229;Hodiny přesýpací;;;;;;;;
;;;;;;;;;;
;;;;;;;;;;
;;;;;;;;;;
;;;;;;;;;;
;;;;;;;;;;
;;;;;;;;;;
;;Volně;;;;;;;;
;;;;;;;;;;
;Číslo;Popis;Typ;Stav;;;;;;
;230;Závěsné Elektročas oboustranné;PD40 / 1961;funkční;;;;;;
;231;Píchačky 1;;nefunkční;;;;;;
;232;Píchačky 2;;nefunkční;;;;;;
;233;Píchačky Bürk;;funkční;;;;;;
;234;Podružné věžní Hainz;;funkční;;;;;;
;235;Podlahové HH3;;funkční;;;;;;
;236;Závěsné IBM;;funkční;;;;;;
;237;Podružné IBM 4x;;funkční;;;;;;
;238;Nástěnné ATO;;funkční;;;;;;
;239;Píchačky Elektročas DK6;;funkční;;;;;;
;240;Píchačky Elektročas Dk1;;funkční;;;;;;
;241;Píchačky Isgus;;funkční;;;;;;
;242;Ústředna EHU 0660;;funkční;;;;;;
;243;Linkový rozváděč EHU 260;;funkční;;;;;;
;244;Podružné Jednotný čas;;funkční;;;;;;
;245;Podružné Brillié;;funkční;;;;;;
;246;Píchačky červené DK8B;;funkční;;;;;;
;247;Pragotron C301;;funkční;;;;;;
;248;Kapesní velké;;funkční;;;;;;
;249;Pouliční hodiny;;funkční;;;;;;
;250;Píchačky červené DK8B;;funkční;;;;;;
;251;Píchačky Elektročas Dk6;;funkční;;;;;;
;252;Hodiny podlahové;;funkční;;;;;;
;253;Parkovací automat;;funkční;;;;;;
;254;Ústředna MUP 40;;funkční;;;;;;
;255;Píchačky Omikron;;funkční;;;;;;
;256;Nástěnné se setrvačkou;;funkční;;;;;;
;257;Nástěnné Hainz;;funkční;;;;;;
;258;Tellurium;;funkční;;;;;;
;259;Matiční Siemens;;funkční;;;;;;
;260;Time slider Spilka;;funkční;;;;;;
;261;Docházkové hodiny Timometer;;funkční;;;;;;
;262;Hodiny Pragotron velké;;funkční;;;;;;
;;;;;;;;;;